Feature,Weight
当日涨幅,0.18892059
信号天数,0.1460117
净额,0.15518138
净流入,0.16892114
当日资金流入,0.16254607
是否领涨,0.17841914
