Feature,Weight
当日涨幅,0.12028661
信号天数,0.12762785
净额,0.12505533
净流入,0.16544485
当日资金流入,0.15393133
是否领涨,0.30765402
