Feature,Weight
当日涨幅,0.18892397
信号天数,0.13974401
净额,0.16387965
净流入,0.17982869
当日资金流入,0.17124638
是否领涨,0.15637733
