Feature,Weight
当日涨幅,0.15793194
信号天数,0.13131228
净额,0.17370057
净流入,0.18015513
当日资金流入,0.21224858
是否领涨,0.14465152
